submission_date,product_id,product_name,product_brand,site_category_lv1,site_category_lv2,review_title,overall_rating,review_text,reviewer_birth_year,reviewer_gender,reviewer_state,chunks,valid_chunks
2018-01-01 00:11:28,132532965,"Notebook Asus Vivobook Max X541NA-GO472T Intel Celeron Quad Core 4GB 500GB Tela LED 15,6"" Windows - 10 Branco",,Informática,Notebook,Bom,4,['contente compra entregar rápido único problema americana trocar devolução de o produto consumidor ter problema espera'],1958.0,F,RJ,"[""['contente compra entregar rápido único problema"", 'problema americana trocar devolução de o produto', ""o produto consumidor ter problema espera']""]","[""['contente compra entregar rápido único problema"", 'problema americana trocar devolução de o produto', ""o produto consumidor ter problema espera']""]"
2018-01-01 00:13:48,22562178,Copo Acrílico Com Canudo 500ml Rocie,,Utilidades Domésticas,"Copos, Taças e Canecas","Preço imbatível, ótima qualidade",4,['apenas reu conseguir comprar lir copo acrílico'],1996.0,M,SC,"[""['apenas reu conseguir comprar lir copo acrílico']""]","[""['apenas reu conseguir comprar lir copo acrílico']""]"
2018-01-01 00:26:02,113022329,Panela de Pressão Elétrica Philips Walita Daily 5L com Timer,philips walita,Eletroportáteis,Panela Elétrica,ATENDE TODAS AS EXPECTATIVA.,4,['superar agilidade praticidade outro panela elétrico   costumo usar outro panela cozimento arroz japonês levar tempo     minuto   em esse panela   rápido exatamente   minuto     recomendar'],1984.0,M,SP,"[""['superar agilidade praticidade outro panela"", 'panela elétrico   costumo usar outro panela', 'panela cozimento arroz japonês levar tempo', 'tempo     minuto   em esse panela   rápido', ""rápido exatamente   minuto     recomendar']""]","[""['superar agilidade praticidade outro panela"", 'panela elétrico   costumo usar outro panela', 'panela cozimento arroz japonês levar tempo', 'tempo     minuto   em esse panela   rápido']"
2018-01-01 00:35:54,113851581,Betoneira Columbus - Roma Brinquedos,roma jensen,Brinquedos,Veículos de Brinquedo,presente mais que desejado,4,['filho amar parecer verdade tanto detalhe ter'],1985.0,F,SP,"[""['filho amar parecer verdade tanto detalhe ter']""]","[""['filho amar parecer verdade tanto detalhe ter']""]"
2018-01-01 01:00:28,131788803,"Smart TV LED 43"" LG 43UJ6525 Ultra HD 4K com Conversor Digital 4 HDMI 2 USB WebOS 3.5 Painel Ips HDR e Magic Mobile Connection",lg,TV e Home Theater,TV,"Sem duvidas, excelente",5,['entrega em o prazo americana parabéns smart tv bom navegação em o internete por o aplicativo excelente trar falar de o imagem surpreender recomer'],1994.0,M,MG,"[""['entrega em o prazo americana parabéns smart tv"", 'smart tv bom navegação em o internete por o', 'por o aplicativo excelente trar falar de o imagem', ""o imagem surpreender recomer']""]","[""['entrega em o prazo americana parabéns smart tv"", 'smart tv bom navegação em o internete por o', 'por o aplicativo excelente trar falar de o imagem']"
2018-01-01 01:27:23,22562178,Copo Acrílico Com Canudo 500ml Rocie,,Utilidades Domésticas,"Copos, Taças e Canecas",Produto imperdível,5,['excelente produto material acrílico super resistente dentro adamantio fazer milagre qualquer bebida sugiro aproveitar promoção antes acaber'],1979.0,M,PA,"[""['excelente produto material acrílico super"", 'super resistente dentro adamantio fazer milagre', 'milagre qualquer bebida sugiro aproveitar', ""promoção antes acaber']""]","[""['excelente produto material acrílico super"", 'super resistente dentro adamantio fazer milagre', 'milagre qualquer bebida sugiro aproveitar']"
2018-01-01 01:54:38,22562178,Copo Acrílico Com Canudo 500ml Rocie,,Utilidades Domésticas,"Copos, Taças e Canecas",ótimo,5,['produto mto bom garrafinha vc poder servir água pro Megazord to pensar vender tv pra comprar   garrafa de esse recomendo'],,,,"[""['produto mto bom garrafinha vc poder servir água"", 'água pro Megazord to pensar vender tv pra comprar', ""comprar   garrafa de esse recomendo']""]","[""['produto mto bom garrafinha vc poder servir água"", 'água pro Megazord to pensar vender tv pra comprar', ""comprar   garrafa de esse recomendo']""]"
2018-01-01 01:58:17,132444092,"Smartphone Motorola Moto G 5S Dual Chip Android 7.1.1 Nougat Tela 5.2"" Snapdragon 430 32GB 4G Câmera 16MP - Platinum",,Celulares e Smartphones,Smartphone,Gostei bastante do produto,4,['produto excelente qualidade bom câmerar desenvolvimento de o android rapidez'],1987.0,M,GO,"[""['produto excelente qualidade bom câmerar"", ""câmerar desenvolvimento de o android rapidez']""]","[""['produto excelente qualidade bom câmerar"", ""câmerar desenvolvimento de o android rapidez']""]"
2018-01-01 02:02:13,122776350,Ventilador de Teto Ventisol Fenix Premium Branco 3 velocidades com Controle Remoto,ventisol,Casa e Construção,Climatização,Gostei do produto,5,['barulho minimo vento bem forte em o velocidade'],1987.0,M,SP,"[""['barulho minimo vento bem forte em o velocidade']""]","[""['barulho minimo vento bem forte em o velocidade']""]"
2018-01-01 02:16:06,23474928,Kit 10 Peças Fita Led 12v 5050 300 Leds Rgb + Fonte,,Casa e Construção,Iluminação,NÃO RECEBI O PRODUTO,1,['produto nao entregar americana descontar em o fatura de o cartão'],1984.0,M,RJ,"[""['produto nao entregar americana descontar em o"", ""em o fatura de o cartão']""]","[""['produto nao entregar americana descontar em o"", ""em o fatura de o cartão']""]"
2018-01-01 02:54:14,22562178,Copo Acrílico Com Canudo 500ml Rocie,,Utilidades Domésticas,"Copos, Taças e Canecas",Fantástico,5,['comprar pra cara membro de o família em esse natal'],,,,"[""['comprar pra cara membro de o família em esse"", ""em esse natal']""]","[""['comprar pra cara membro de o família em esse""]"
2018-01-01 03:06:04,126474851,Aspirador de Pó Philco Rapid 1000N Vermelho/Preto - 1000W,philco,Eletroportáteis,Aspirador e Vassoura Elétrica,Maravilhoso!!!,5,['produto maravilhoso barulhento fácil manuseio tranquilo montar desmontar entrega antes de o prazo tratar época de o natal americana parabéns produto bom recomendo força'],1967.0,F,RJ,"[""['produto maravilhoso barulhento fácil manuseio"", 'manuseio tranquilo montar desmontar entrega antes', 'antes de o prazo tratar época de o natal', 'o natal americana parabéns produto bom recomendo', ""recomendo força']""]","[""['produto maravilhoso barulhento fácil manuseio"", 'manuseio tranquilo montar desmontar entrega antes', 'antes de o prazo tratar época de o natal', 'o natal americana parabéns produto bom recomendo']"
2018-01-01 03:32:47,29302228,Conjunto de Panelas Antiaderente Turim 10 Peças Vermelha Tramontina,,Utilidades Domésticas,Panelas,Amei o produto,5,['jogo panela excelente material entregar tempo design bom'],,,,"[""['jogo panela excelente material entregar tempo"", ""tempo design bom']""]","[""['jogo panela excelente material entregar tempo""]"
2018-01-01 03:35:48,132444050,"Smartphone Motorola Moto G 5S Dual Chip Android 7.1.1 Nougat Tela 5.2"" Snapdragon 430 32GB 4G Câmera 16MP - Dourado",,Celulares e Smartphones,Smartphone,Revoltado,1,['celular valer nada bateria valer nada descarregar sozinha usar esquentar tanto fazer medo espludi mau compra de o vida ter condição quebrar mil pedaço comprar outro qualquer marca menos motorolo'],1970.0,M,BA,"[""['celular valer nada bateria valer nada"", 'nada descarregar sozinha usar esquentar tanto', 'tanto fazer medo espludi mau compra de o vida ter', 'vida ter condição quebrar mil pedaço comprar', ""comprar outro qualquer marca menos motorolo']""]","[""['celular valer nada bateria valer nada"", 'nada descarregar sozinha usar esquentar tanto', 'tanto fazer medo espludi mau compra de o vida ter', 'vida ter condição quebrar mil pedaço comprar', ""comprar outro qualquer marca menos motorolo']""]"
2018-01-01 03:59:57,24717741,Tênis Casual Conforto Beira Rio,,Moda,Feminino,satisfeito,5,['produto acordo esperar somente prazo entrega ficar pouco desejar pouco longo'],1961.0,M,SP,"[""['produto acordo esperar somente prazo entrega"", ""entrega ficar pouco desejar pouco longo']""]","[""['produto acordo esperar somente prazo entrega"", ""entrega ficar pouco desejar pouco longo']""]"
2018-01-01 04:03:27,16804573,Mochila Sport Escolar Camping Trilha Viagem Passeio,,Malas e Acessórios,Mochilas,o zipe,2,['mochila nao fechar direito nao recomer filho nao ter deixar sujo ir devolver'],1976.0,M,RJ,"[""['mochila nao fechar direito nao recomer filho nao"", ""filho nao ter deixar sujo ir devolver']""]","[""['mochila nao fechar direito nao recomer filho nao"", ""filho nao ter deixar sujo ir devolver']""]"
2018-01-01 04:09:40,11491071,Toldo Versátil Artplas 120x60cm Branco E Cristal,,Móveis,Puff e Tamborete,Condizente com o anúncio,4,['produto condizente anúncio material bom qualidade fácil instalação montagem preço acordo necessidade cada'],1973.0,M,SP,"[""['produto condizente anúncio material bom"", 'bom qualidade fácil instalação montagem preço', ""preço acordo necessidade cada']""]","[""['produto condizente anúncio material bom"", 'bom qualidade fácil instalação montagem preço']"
2018-01-01 04:11:35,132381802,"Smart TV LED 65"" Samsung 65MU6100 UHD 4K HDR Premium com Conversor Digital 3 HDMI 2 USB 120Hz",,TV e Home Theater,TV,muito bom,4,['nao ter nada reclamar bom atendimento entregar dentro de o combinado'],1950.0,M,SP,"[""['nao ter nada reclamar bom atendimento entregar"", ""entregar dentro de o combinado']""]","[""['nao ter nada reclamar bom atendimento entregar"", ""entregar dentro de o combinado']""]"
2018-01-01 04:12:32,16161591,"Barra De Cereal Nestlé Banana, Aveia E Mel 60g 3 Unidades",,Alimentos e Bebidas,Barra de Cereais,muito bom,4,['agora produto compr entregar certo obrigado continuar assim'],1980.0,M,SP,"[""['agora produto compr entregar certo obrigado"", ""obrigado continuar assim']""]","[""['agora produto compr entregar certo obrigado""]"
2018-01-01 04:24:12,26936514,Capa Protetora Toyota Corola Com Cadeado,,Automotivo,Capas para Carro,Vou usa-la,3,['capa decepcionar enquanto Bolsa guarda transporte extremamente frágil em o abertura conferência rasgar todo volta junto a o fecho péssima impressão ter guardalar noutra embalagem pena'],1953.0,M,RS,"[""['capa decepcionar enquanto Bolsa guarda"", 'guarda transporte extremamente frágil em o', 'em o abertura conferência rasgar todo volta junto', 'junto a o fecho péssima impressão ter guardalar', ""guardalar noutra embalagem pena']""]","[""['capa decepcionar enquanto Bolsa guarda"", 'guarda transporte extremamente frágil em o', 'em o abertura conferência rasgar todo volta junto', 'junto a o fecho péssima impressão ter guardalar']"
2018-01-01 04:27:44,125768030,"Smartphone LG K10 Dual Chip Android 6.0 Marshmallow Tela 5.3"" 16GB 4G Câmera 13MP TV Digital - Dourado",lg,Celulares e Smartphones,Smartphone,Gostei do produto,3,['produto ofereçe prometer em o anúncio entregar rapir bem antes de o prazo'],1986.0,M,PE,"[""['produto ofereçe prometer em o anúncio entregar"", ""entregar rapir bem antes de o prazo']""]","[""['produto ofereçe prometer em o anúncio entregar"", ""entregar rapir bem antes de o prazo']""]"
2018-01-01 04:42:04,132739181,"Smart TV Android LED 49"" TCL C2 49C2US Ultra HD 4K com Conversor Digital Soundbar Integrado 3 HDMI e 2 USB 120Hz - Preta",,TV e Home Theater,TV,TV Espetacular,5,['ponto positivo painel bit fazer todo diferença de o   bilhão cor bluetooth wifi ac usb   input lag baixo painel va proporcionar alto contraste android tv   som de o tv realmente excepcional saída de o auto falante voltar frente vir   controle remoto   tv realmente formidável valer pena ter comprar tclr'],1993.0,M,MG,"[""['ponto positivo painel bit fazer todo diferença"", 'diferença de o   bilhão cor bluetooth wifi ac usb', 'ac usb   input lag baixo painel va proporcionar', 'alto contraste android tv   som de o tv realmente', 'realmente excepcional saída de o auto falante', 'falante voltar frente vir   controle remoto   tv', 'tv realmente formidável valer pena ter comprar', ""comprar tclr']""]","[""['ponto positivo painel bit fazer todo diferença"", 'diferença de o   bilhão cor bluetooth wifi ac usb', 'ac usb   input lag baixo painel va proporcionar', 'alto contraste android tv   som de o tv realmente', 'realmente excepcional saída de o auto falante', 'falante voltar frente vir   controle remoto   tv', 'tv realmente formidável valer pena ter comprar']"
2018-01-01 04:44:27,113048617,Cafeteira Elétrica Cadence Single CAF111 com 2 Xícaras - Vermelho,cadence,Eletroportáteis,Cafeteira,Perfeito,5,['bom de o imaginar superar expectativa'],1985.0,F,RJ,"[""['bom de o imaginar superar expectativa']""]","[""['bom de o imaginar superar expectativa']""]"
2018-01-01 04:46:19,132631701,Mop Giratório Fit + Refil Extra - At Home,,Utilidades Domésticas,Material de Limpeza,Perfeito,5,['super levar prático fácil manuseio perfeito p'],1985.0,F,RJ,"[""['super levar prático fácil manuseio perfeito p']""]","[""['super levar prático fácil manuseio perfeito p']""]"
2018-01-01 04:57:35,19865866,Câmera Estilo Go-Pro Sports Hd 1080p Esportes Radicais,,Câmeras e Filmadoras,Câmera Digital,Muito bom estão de parabéns,5,['ter agradecer parabéns'],1975.0,M,PR,"[""['ter agradecer parabéns']""]",[]
2018-01-01 04:59:09,125061667,"Chaleira Elétrica Cadence CEL800 1,7 Litros Inox Prime",cadence,Eletroportáteis,Chaleira Elétrica,Eu não recebi o produto????!!!!!!!,1,['recebir produto americanas saber de isso pois relatar reclamação diversos vez ir devolver dinheiro em o procon'],1971.0,F,SP,"[""['recebir produto americanas saber de isso pois"", 'isso pois relatar reclamação diversos vez ir', ""vez ir devolver dinheiro em o procon']""]","[""['recebir produto americanas saber de isso pois"", 'isso pois relatar reclamação diversos vez ir', ""vez ir devolver dinheiro em o procon']""]"
2018-01-01 05:00:10,126030651,Camiseta Speedo Basic Blend UV 50+,speedo,Vestuário Esportivo,Masculino,Ótimo produto,4,['bom produto comprei pessoa albino adorar super levar tecido'],1973.0,F,RS,"[""['bom produto comprei pessoa albino adorar super"", ""super levar tecido']""]","[""['bom produto comprei pessoa albino adorar super""]"
2018-01-01 05:09:43,22562178,Copo Acrílico Com Canudo 500ml Rocie,,Utilidades Domésticas,"Copos, Taças e Canecas",O melhor,5,['pra gostar qualidade preço acessível todo eis bom opção'],1993.0,M,ES,"[""['pra gostar qualidade preço acessível todo eis"", ""todo eis bom opção']""]","[""['pra gostar qualidade preço acessível todo eis""]"
2018-01-01 05:12:05,23167779,Penteadeira Jb 7200 Com Banqueta Amarelo - Jb Bechara,,Móveis,Penteadeira,"O produto foi devolvido,  devido estar avariado.",2,['gostar cancelar compra peçar gentileza informar dever proceder'],1980.0,M,ES,"[""['gostar cancelar compra peçar gentileza informar"", ""informar dever proceder']""]","[""['gostar cancelar compra peçar gentileza informar""]"
2018-01-01 05:12:13,125397208,"Smartphone Samsung Galaxy A5 2016 Dual Chip Android 5.1 Tela 5.2"" 16GB 4G Câmera 13MP - Dourado",samsung,Celulares e Smartphones,Smartphone,Mediano com recursos de um top,4,['tela impecável prioridade telo câmerar cara ponto fraco ficar conta de o armazenamento apenas gb por o câmera frontal apenas mpixels flash em o entanto câmera principal Mpixels perfazer'],1990.0,M,PI,"[""['tela impecável prioridade telo câmerar cara"", 'cara ponto fraco ficar conta de o armazenamento', 'apenas gb por o câmera frontal apenas mpixels', 'mpixels flash em o entanto câmera principal', ""principal Mpixels perfazer']""]","[""['tela impecável prioridade telo câmerar cara"", 'cara ponto fraco ficar conta de o armazenamento', 'apenas gb por o câmera frontal apenas mpixels', 'mpixels flash em o entanto câmera principal']"
2018-01-01 05:17:39,132581775,"Smartphone Asus Zenfone 4 Selfie Dual Chip Android 7 Tela 5.5"" Snapdragon 64GB 4G Câmera Traseira 16MP Dual Frontal 20MP + 8MP - Preto",,Celulares e Smartphones,Smartphone,Produto ótimo e entrega rápida,5,['aparelho condizr descrição super top ter zen fone   comprar esposo amar super recomer'],1989.0,M,SP,"[""['aparelho condizr descrição super top ter zen"", 'ter zen fone   comprar esposo amar super', ""super recomer']""]","[""['aparelho condizr descrição super top ter zen"", 'ter zen fone   comprar esposo amar super']"
2018-01-01 05:20:38,13076327,Refil Esfregão Mop Limpeza Prática,,Utilidades Domésticas,Material de Limpeza,Não  recebi ainda foi devolvido!,1,['recebir segundo correio endereço   errado porém outro pedido recebir'],1984.0,F,BA,"[""['recebir segundo correio endereço   errado porém"", ""porém outro pedido recebir']""]","[""['recebir segundo correio endereço   errado porém""]"
2018-01-01 05:25:09,30092551,Kit Câmera instantânea Fujifilm Instax Mini 9 c/ Bolsa e Filme 10 poses - Azul Aqua,,Câmeras e Filmadoras,Câmera Instantânea,Gostei muito.,4,['bonito prática chegar antes de o prazo americana parabéns'],1973.0,F,BA,"[""['bonito prática chegar antes de o prazo americana"", ""americana parabéns']""]","[""['bonito prática chegar antes de o prazo americana""]"
2018-01-01 05:30:00,132569282,"Smartphone Motorola Moto X4 Dual Cam Android 7.0 Tela 5.2"" Octa-Core 32GB Wi-Fi 4G Câmera 12MP - Azul Topázio",,Celulares e Smartphones,Smartphone,Produto muito bom,5,['top linha valer pena comprar gostar arreper ter comprar'],1977.0,M,PI,"[""['top linha valer pena comprar gostar arreper ter"", ""ter comprar']""]","[""['top linha valer pena comprar gostar arreper ter""]"
2018-01-01 05:33:50,117744100,Repetidor de Sinal 300Mbps 2.4Ghz TL-WA850RE - TP-Link,tp-link,Informática e Acessórios,Equipamento de Rede / Wireless,Produto Legal,5,['excelente produtogostar excelente produtogostar'],1975.0,M,SE,"[""['excelente produtogostar excelente"", ""excelente produtogostar']""]",[]
2018-01-01 05:35:28,132399201,Game Pro Evolution Soccer 2018 - Xbox360,,Games,Xbox 360,Gostei do msmo...,4,['excelente produtogostar excelente produtogostar'],1975.0,M,SE,"[""['excelente produtogostar excelente"", ""excelente produtogostar']""]",[]
2018-01-01 05:37:22,130945441,"Smartphone Samsung Galaxy S7 Edge Android 6.0 Tela 5.5"" 128GB 4G Câmera 12MP - Black Piano",samsung,Celulares e Smartphones,Smartphone,Excelente,5,['bom custo benefício exatamente   anunciar recomer'],1980.0,M,SP,"[""['bom custo benefício exatamente   anunciar"", ""anunciar recomer']""]","[""['bom custo benefício exatamente   anunciar""]"
2018-01-01 05:47:53,132127601,"Smart TV LED Philips 43"" 43pfg5102/78 com Conversor Digital Wi-Fi integrado 2 USB 3 HDMI",philips,TV e Home Theater,TV,Gostei muito do produto!,4,['sim bom produto poder comprar poblema gostar de o produto'],1960.0,M,SP,"[""['sim bom produto poder comprar poblema gostar de"", ""gostar de o produto']""]","[""['sim bom produto poder comprar poblema gostar de""]"
2018-01-01 05:48:03,26673481,Smartphone Motorola Moto C Xt1750 Dual Sim Tela 5.0 8gb 5mp/2mp - Preto,,Celulares e Smartphones,Celular Básico,Bom produto,3,['gostar saber celular ter câmera frontal'],1988.0,F,MG,"[""['gostar saber celular ter câmera frontal']""]","[""['gostar saber celular ter câmera frontal']""]"
2018-01-01 05:52:43,18813436,Câmera Ip Jl Protec Pantilt 1.0mp Ir-Cut Onvif - Hd - Wifi Com Áudio,,Casa e Construção,Segurança,Dentro da expectativa.,4,['exceção vir marca verde a o invés jl   protect   funcionar super bem   coisa chinês bem parecir'],1975.0,M,SP,"[""['exceção vir marca verde a o invés jl   protect"", 'protect   funcionar super bem   coisa chinês bem', ""bem parecir']""]","[""['exceção vir marca verde a o invés jl   protect"", 'protect   funcionar super bem   coisa chinês bem']"
2018-01-01 05:53:54,132222369,"Smartphone Motorola Moto G5 Plus Dual Chip Android Nougat 7.0 Tela 5,2"" Octa-Core 2GHz 2GB 4G Câmera 12MP - Azul Safira",motorola,Celulares e Smartphones,Smartphone,Maravilha,4,['achar lir too linha design lir câmerar resposta bom rápido preço prazo tudo certinhoador celularparabéns americanasnotar dez'],1959.0,M,SP,"[""['achar lir too linha design lir câmerar resposta"", 'resposta bom rápido preço prazo tudo certinhoador', ""celularparabéns americanasnotar dez']""]","[""['achar lir too linha design lir câmerar resposta"", 'resposta bom rápido preço prazo tudo certinhoador']"
2018-01-01 05:56:40,9768970,"Piscina Retangular Mor Premium 5.000 Litros, Lona De Pvc",,Esporte e Lazer,Praia e Piscina,Gostei muito do produto e da rapidez com que foi entregue.,4,['fiquei satisfeito segurança garantia todo transação entretanto fiz outro compra em o dia   hoje entregar diferenciar compra de o outro relação entrega'],1940.0,M,RJ,"[""['fiquei satisfeito segurança garantia todo"", 'todo transação entretanto fiz outro compra em o', 'em o dia   hoje entregar diferenciar compra de o', ""de o outro relação entrega']""]","[""['fiquei satisfeito segurança garantia todo"", 'todo transação entretanto fiz outro compra em o', 'em o dia   hoje entregar diferenciar compra de o', ""de o outro relação entrega']""]"
2018-01-01 06:01:22,128906477,Conjunto  Potes de Vidro Multiuso 3 Peças Vermelho - Euro Home,euro home,Utilidades Domésticas,Utensílios e Acessórios Domésticos,Excelente,5,['adorar produto bonito prático recomendar entrega fazer antes de o prazo'],1982.0,F,MG,"[""['adorar produto bonito prático recomendar entrega"", ""entrega fazer antes de o prazo']""]","[""['adorar produto bonito prático recomendar entrega"", ""entrega fazer antes de o prazo']""]"
2018-01-01 06:04:46,118212404,Livro - Primeiro Amor,,Livros,Literatura Estrangeira,Nao chegou,2,['nao vir produto nao chegar entao ter avaliar'],1992.0,F,SP,"[""['nao vir produto nao chegar entao ter avaliar']""]","[""['nao vir produto nao chegar entao ter avaliar']""]"
2018-01-01 06:05:50,11466760,Grandiôse Lancôme - Máscara Para Os Cílios 01,,Beleza e Perfumaria,Maquiagem,incrível!,5,['máscar cílio incrível ter pouquíssimo cílio dar super efeito ameir'],1989.0,F,RJ,"[""['máscar cílio incrível ter pouquíssimo cílio dar"", ""cílio dar super efeito ameir']""]","[""['máscar cílio incrível ter pouquíssimo cílio dar"", ""cílio dar super efeito ameir']""]"
2018-01-01 06:06:44,132444050,"Smartphone Motorola Moto G 5S Dual Chip Android 7.1.1 Nougat Tela 5.2"" Snapdragon 430 32GB 4G Câmera 16MP - Dourado",,Celulares e Smartphones,Smartphone,Excelente produto,5,['aparelho ótimo qualidade defeito entregar pontualidade qualidade'],1998.0,F,SP,"[""['aparelho ótimo qualidade defeito entregar"", ""entregar pontualidade qualidade']""]","[""['aparelho ótimo qualidade defeito entregar""]"
2018-01-01 06:07:02,124499501,Livro - Física Conceitual,,Livros,Ciências Exatas,o produto foi entregue dentro do prazo,5,['produto chegar em o prazo bom ter bem atendido solicitar algo em o site'],1957.0,F,MG,"[""['produto chegar em o prazo bom ter bem atendido"", ""atendido solicitar algo em o site']""]","[""['produto chegar em o prazo bom ter bem atendido"", ""atendido solicitar algo em o site']""]"
2018-01-01 06:07:25,26941862,Lona Azul Polietileno 100mc 4x4,,Esporte e Lazer,Camping,Muito boa o produto,3,['ter bom acabamento pratico servir precisar'],1978.0,F,RS,"[""['ter bom acabamento pratico servir precisar']""]","[""['ter bom acabamento pratico servir precisar']""]"
2018-01-01 06:08:02,23118870,Caixa De Som Sem Fio Home Theater 4x1 Fm P2 Bluetooth Usb Wm 1300 Celular Computador,,Áudio,Micro System,Muito útil,4,['bom equipamento som forte portátil prático usar'],1945.0,M,RJ,"[""['bom equipamento som forte portátil prático"", ""prático usar']""]","[""['bom equipamento som forte portátil prático""]"
2018-01-01 06:08:46,25668212,Oculos Lupa Cabeça 8 Lentes 2 Leds Alto Brilho para Ourives,,Papelaria,Luminárias e Acessórios para Leitura,Top,5,['perfeito funcionar bem bom acabamento recomer'],1983.0,M,PR,"[""['perfeito funcionar bem bom acabamento recomer']""]","[""['perfeito funcionar bem bom acabamento recomer']""]"
2018-01-01 06:09:10,25651210,Varal Recolhível Retrátil De Parede 30 Metros Branco Seca Fácil,,Utilidades Domésticas,"Cabide, Cestos e Varal de Roupas",Nota dez,5,['produto   excelência doméstico querer usar montar usar desmontar'],1975.0,M,SP,"[""['produto   excelência doméstico querer usar"", ""usar montar usar desmontar']""]","[""['produto   excelência doméstico querer usar""]"
2018-01-01 06:09:58,130788449,Escova Soft Brush 1000W - Philco,philco,Beleza e Perfumaria,Aparelhos elétricos para cabelo,Eficiente,4,['cabelo alinhar frizz rápido de o escova convencional aprovadíssimo'],1976.0,F,SP,"[""['cabelo alinhar frizz rápido de o escova"", ""o escova convencional aprovadíssimo']""]","[""['cabelo alinhar frizz rápido de o escova""]"
2018-01-01 06:10:20,132444771,"Smartphone Motorola Moto G 5s Plus Dual Chip Android 7.1.1 Nougat Tela 5.5"" Snapdragon 625 32GB 4G 13MP Câmera Dual Cam - Ouro rosa",,Celulares e Smartphones,Smartphone,Não gostei do produto!,1,['câmera frontal de o terrível tanto fazer tá claro escuro foto ficar ruim qualquer jeito arrependido'],1992.0,F,RN,"[""['câmera frontal de o terrível tanto fazer tá"", 'fazer tá claro escuro foto ficar ruim qualquer', ""qualquer jeito arrependido']""]","[""['câmera frontal de o terrível tanto fazer tá"", 'fazer tá claro escuro foto ficar ruim qualquer']"
2018-01-01 06:10:44,124488474,HD Externo Portátil Seagate Expansion 1TB USB 3.0,seagate,Informática e Acessórios,HD Externo,Hd muito bom,5,['gostar de o produto valer pena compra atender a o objetivo adquirir'],1969.0,F,ES,"[""['gostar de o produto valer pena compra atender a"", ""atender a o objetivo adquirir']""]","[""['gostar de o produto valer pena compra atender a"", ""atender a o objetivo adquirir']""]"
2018-01-01 06:11:35,122772412,"Tablet Samsung Galaxy Tab A com S Pen P355M 16GB Wi-Fi 4G Tela 8"" Android 5.0 Quad-Core - Branco",samsung,Informática,Tablet e iPad,Valeu cada centavo!,5,['útil pesquisa baixar publicação vídeo usar app jw library   parabéns'],1979.0,M,SP,"[""['útil pesquisa baixar publicação vídeo usar app"", ""usar app jw library   parabéns']""]","[""['útil pesquisa baixar publicação vídeo usar app"", ""usar app jw library   parabéns']""]"
2018-01-01 06:12:48,19563959,Extensor 10cm De Grade Porta Do Portão Utilar,,Casa e Construção,"Portas, Janelas e Portões",Não recebi o produto,1,['recebir produto transportadora colocar recebir preciso receber produto'],1978.0,F,RJ,"[""['recebir produto transportadora colocar recebir"", ""recebir preciso receber produto']""]","[""['recebir produto transportadora colocar recebir""]"
2018-01-01 06:13:09,11023019,Secador Taiff Fox Ion 2000w - Preto -127v,,Relógios,Relógios,"Bom, mas nada especial.",3,['secador bom cumprir papel secador mediano ter nada especial achar valer custar soubesse ter investir outro bom menos outro provavelmente fazer coisa'],1982.0,F,RJ,"[""['secador bom cumprir papel secador mediano ter"", 'ter nada especial achar valer custar soubesse ter', 'ter investir outro bom menos outro provavelmente', ""fazer coisa']""]","[""['secador bom cumprir papel secador mediano ter"", 'ter nada especial achar valer custar soubesse ter', 'ter investir outro bom menos outro provavelmente']"
2018-01-01 06:15:02,19371961,Capa Protetora Chevrolet  S10 Forro Parcial,,Automotivo,Capas para Carro,otimo,5,['recomendar produto bom material bom qualidade'],1969.0,M,MT,"[""['recomendar produto bom material bom qualidade']""]","[""['recomendar produto bom material bom qualidade']""]"
2018-01-01 06:15:10,5446783,Tequila Mexicana Especial 750ml - Jose Cuervo,jose cuervo,Alimentos e Bebidas,Bebidas Alcoólicas,Parece original,4,['parecer original vir lacr tudo certoentregar rápido final ano'],1985.0,M,GO,"[""['parecer original vir lacr tudo certoentregar"", ""rápido final ano']""]","[""['parecer original vir lacr tudo certoentregar""]"
2018-01-01 06:16:11,17922016,Bateria Notebook - Samsung Rv410 - Preta,,Informática e Acessórios,Acessórios para Notebook,Ok,4,['produto funcionar corretamente bom importante sempre destacar em o anúncio bateria bom marca diferente de o marca samsung'],1984.0,M,SP,"[""['produto funcionar corretamente bom importante"", 'sempre destacar em o anúncio bateria bom marca', ""bom marca diferente de o marca samsung']""]","[""['produto funcionar corretamente bom importante"", 'sempre destacar em o anúncio bateria bom marca', ""bom marca diferente de o marca samsung']""]"
2018-01-01 06:16:16,117744100,Repetidor de Sinal 300Mbps 2.4Ghz TL-WA850RE - TP-Link,tp-link,Informática e Acessórios,Equipamento de Rede / Wireless,Bom,3,['produto cumprir falar único porém Internet cair pouco velocidade'],1962.0,F,SP,"[""['produto cumprir falar único porém Internet cair"", ""cair pouco velocidade']""]","[""['produto cumprir falar único porém Internet cair""]"
2018-01-01 06:17:28,21007060,Boneca Brinquedo Para Maquiar Magic Top Model,,Brinquedos,Bonecas,Bom!,5,['neta encantado boneca entrega bom ainda antes de o prazo entrega parabéns'],1964.0,F,RJ,"[""['neta encantado boneca entrega bom ainda antes de"", ""antes de o prazo entrega parabéns']""]","[""['neta encantado boneca entrega bom ainda antes de"", ""antes de o prazo entrega parabéns']""]"
2018-01-01 06:19:39,20860469,Fone De Ouvido Confort Com Microfone Para Chamadas Preto,,Áudio,Fones de Ouvido,Som horrível,1,['claro q esperar fone maravilhoso som q vir de esse fone horrível equipar a o comprado emcamelô'],1972.0,F,SP,"[""['claro q esperar fone maravilhoso som q vir de"", 'q vir de esse fone horrível equipar a o comprado', ""comprado emcamelô']""]","[""['claro q esperar fone maravilhoso som q vir de"", 'q vir de esse fone horrível equipar a o comprado']"
2018-01-01 06:20:52,22747780,Controle Com Fio Para Xbox 360 Slim / Fat E Pc Joystick - Feir,,Games,Xbox 360,Gostei muito do produto!!,4,['produto atender necessidade entrega excelente'],1986.0,F,MG,"[""['produto atender necessidade entrega excelente']""]","[""['produto atender necessidade entrega excelente']""]"
2018-01-01 06:21:08,132444050,"Smartphone Motorola Moto G 5S Dual Chip Android 7.1.1 Nougat Tela 5.2"" Snapdragon 430 32GB 4G Câmera 16MP - Dourado",,Celulares e Smartphones,Smartphone,Gostei bastante,4,['bom bastante memória câmerar excelente   outro recomendo'],1990.0,F,MG,"[""['bom bastante memória câmerar excelente   outro"", ""outro recomendo']""]","[""['bom bastante memória câmerar excelente   outro""]"
2018-01-01 06:21:39,26023708,Teclado Musical 61 Teclas Estudante Bivolt Stk-61 Waldman,,Instrumentos Musicais,"Piano, Órgão e Teclado",Gostei,3,['bom pra criança pois ter tecla pequeno'],1995.0,F,SC,"[""['bom pra criança pois ter tecla pequeno']""]","[""['bom pra criança pois ter tecla pequeno']""]"
2018-01-01 06:22:04,22566757,Patinete Sâmia De Alumínio Ajustável Kyn Infantil,,Brinquedos,Patinete Infantil,Ainda não recebi,1,['comprar produto dia   hoje dia   chegar vergonha dar prazo cumprir adiantar falar devido a o movimento final ano   pois pedir outro produto outro site   dia em o casa compro'],1992.0,F,SC,"[""['comprar produto dia   hoje dia   chegar vergonha"", 'vergonha dar prazo cumprir adiantar falar devido', 'devido a o movimento final ano   pois pedir outro', ""outro produto outro site   dia em o casa compro']""]","[""['comprar produto dia   hoje dia   chegar vergonha"", 'vergonha dar prazo cumprir adiantar falar devido', 'devido a o movimento final ano   pois pedir outro', ""outro produto outro site   dia em o casa compro']""]"
2018-01-01 06:22:16,25543911,Purificador de Água Consul Eletrônico CPB34AS Refrigerado Bivolt – Classe A e Tripla Filtragem,,Eletroportáteis,Bebedouro e Purificador de Água,Melhor que o esperado,5,['água gelar a o disposição turma beber água bom aparelho silencioso bonito espaço acomodar jarra poder parecer pouco diferença pegar água de o geladeira de o filtro considerar em o geladeira outro opção bom beber água prática mostrar valer pena facilidade saúde agradecer'],1965.0,M,SP,"[""['água gelar a o disposição turma beber água bom"", 'água bom aparelho silencioso bonito espaço', 'espaço acomodar jarra poder parecer pouco', 'pouco diferença pegar água de o geladeira de o', 'de o filtro considerar em o geladeira outro opção', 'opção bom beber água prática mostrar valer pena', ""pena facilidade saúde agradecer']""]","[""['água gelar a o disposição turma beber água bom"", 'água bom aparelho silencioso bonito espaço', 'espaço acomodar jarra poder parecer pouco', 'pouco diferença pegar água de o geladeira de o', 'de o filtro considerar em o geladeira outro opção', 'opção bom beber água prática mostrar valer pena']"
2018-01-01 06:24:15,28468836,Cantoneira Mão Francesa Nº05 Ferro Fundido - Tamanho 22x30cm,,Casa e Construção,Ferragem,Indicaria pelo preço,2,['produto ter acabamento regular parte final peça vier corte torto valer por o preço acessível comparar outro loja'],1984.0,F,SP,"[""['produto ter acabamento regular parte final peça"", 'peça vier corte torto valer por o preço acessível', ""acessível comparar outro loja']""]","[""['produto ter acabamento regular parte final peça"", 'peça vier corte torto valer por o preço acessível']"
2018-01-01 06:24:15,27987829,Acessórios para Boneca - Baby Alive - Refil Comidinha de Massinha - Hasbro,,Brinquedos,Bonecas,Achei que era melhor,2,['achar produto inferior   pois boneca ter qualidade bem bom porém kit deixar desejar massinha tão pequeno ter quase comprar   cada pra fazer algum coisa   Masssss ok'],1971.0,F,MG,"[""['achar produto inferior   pois boneca ter"", 'ter qualidade bem bom porém kit deixar desejar', 'desejar massinha tão pequeno ter quase comprar', 'comprar   cada pra fazer algum coisa   Masssss', ""Masssss ok']""]","[""['achar produto inferior   pois boneca ter"", 'ter qualidade bem bom porém kit deixar desejar', 'desejar massinha tão pequeno ter quase comprar', 'comprar   cada pra fazer algum coisa   Masssss']"
2018-01-01 06:25:57,21768017,Cafeteira Italiana De Alumínio Preta 9 Xicaras Cafés,,Utilidades Domésticas,Utensílios e Acessórios Domésticos,Ótimo produto,5,['adorar cafeteira   encaixe perfeito passar pó café   prontominho antigo passar'],1981.0,F,MG,"[""['adorar cafeteira   encaixe perfeito passar pó"", ""passar pó café   prontominho antigo passar']""]","[""['adorar cafeteira   encaixe perfeito passar pó"", ""passar pó café   prontominho antigo passar']""]"
2018-01-01 06:26:56,313975,Panificadora Multi Pane - Britânia,britania,Eletroportáteis,Cozinha Criativa,Ótimo produto,5,['adorar agora fazer pão casa qualidade saudável'],1981.0,F,SP,"[""['adorar agora fazer pão casa qualidade saudável']""]","[""['adorar agora fazer pão casa qualidade saudável']""]"
2018-01-01 06:27:57,129542661,"Smartphone Samsung Galaxy On 7 Dual Chip Android 5.1 Tela 5.5"" 16GB 4G Câmera 13MP - Dourado",samsung,Celulares e Smartphones,Smartphone,Galaxy on7,4,['entrega sempre em o prazo muitas vez antes produto custo benefício bom recomendo tanto site quanto produto'],1966.0,M,RJ,"[""['entrega sempre em o prazo muitas vez antes"", 'vez antes produto custo benefício bom recomendo', ""recomendo tanto site quanto produto']""]","[""['entrega sempre em o prazo muitas vez antes"", 'vez antes produto custo benefício bom recomendo', ""recomendo tanto site quanto produto']""]"
2018-01-01 06:28:34,121308950,Mesa para Escritório ME4109 Amêndoa - Tecno Mobili,tecno mobili,Móveis,Mesa,Ótima mesa,5,['resistente bonito super espaçoso servir bem comprar'],1991.0,F,RJ,"[""['resistente bonito super espaçoso servir bem"", ""bem comprar']""]","[""['resistente bonito super espaçoso servir bem""]"
2018-01-01 06:29:03,27818579,"Cortina Blackout E Voil Pratika Slim 2,60x2,30m Bella Janela",,"Cama, Mesa e Banho",Cortina,Descrição errada,1,['produto completamente diferente de o descrição de o foto recomer'],1986.0,F,SP,"[""['produto completamente diferente de o descrição"", ""descrição de o foto recomer']""]","[""['produto completamente diferente de o descrição"", ""descrição de o foto recomer']""]"
2018-01-01 06:30:08,28513089,Almofada Bola Pelúcia - Palmeiras,,Decoração,Almofadas e Capas,Produto top!,5,['linda bola pelúcia acabamento impecável poder fazer tamanho pequeno bebês produto bom'],1989.0,,SP,"[""['linda bola pelúcia acabamento impecável poder"", ""poder fazer tamanho pequeno bebês produto bom']""]","[""['linda bola pelúcia acabamento impecável poder"", ""poder fazer tamanho pequeno bebês produto bom']""]"
2018-01-01 06:31:14,129883748,Ventilador de Chão Britânia C50 Turbo Oscillation 3 Velocidades Cromado,britania,Casa e Construção,Climatização,Comprei conta data de entrega dia 18:12:2017 e ate 01:01:2018 não chegou.,1,['absurdo ate agora entregar comprar pra entregar ate   ate hoje entregar   hoje dia'],1990.0,M,RJ,"[""['absurdo ate agora entregar comprar pra entregar"", ""entregar ate   ate hoje entregar   hoje dia']""]","[""['absurdo ate agora entregar comprar pra entregar"", ""entregar ate   ate hoje entregar   hoje dia']""]"
2018-01-01 06:31:31,121301977,Forno Elétrico Oster 25L Prata,oster,Eletroportáteis,Forno Elétrico,Forno elétrico 25 l oster,5,['produto primeira tamanho adequado     pessoa'],1957.0,M,MG,"[""['produto primeira tamanho adequado     pessoa']""]","[""['produto primeira tamanho adequado     pessoa']""]"
2018-01-01 06:31:40,9781507,Acqua Posto - Nig Brinquedos,,Brinquedos,Veículos de Brinquedo,Propaganda Enganosa,1,['produto péssimo qualidade quase tudo papelão acompanhar carrinho produto qualidade inferior compr iludar filho produto lixo'],1974.0,M,GO,"[""['produto péssimo qualidade quase tudo papelão"", 'papelão acompanhar carrinho produto qualidade', 'qualidade inferior compr iludar filho produto', ""produto lixo']""]","[""['produto péssimo qualidade quase tudo papelão"", 'papelão acompanhar carrinho produto qualidade', 'qualidade inferior compr iludar filho produto']"
2018-01-01 06:32:55,23919429,Película de vidro 3D Premium com bordas fibra de carbono para Apple iPhone 6 Plus (5.5) - Bordas Pre,,Celulares e Smartphones,Acessórios para Celular,Excelente produto,5,['bom produto excelenteentregar rápido recomendadíssimo'],1991.0,M,MT,"[""['bom produto excelenteentregar rápido"", ""rápido recomendadíssimo']""]",[]
2018-01-01 06:35:10,14070781,Gerador De Energia À Gasolina 6000w 13hp Mg-6000cl Motomil,,Ferramentas e Jardim,Ferramentas Elétricas,??????????????????????,3,['nunca tão esperançoso receber produto porém ainda encontrar mão portanto prefiro avaliálo após chegada   att    amador'],1955.0,M,BA,"[""['nunca tão esperançoso receber produto porém"", 'porém ainda encontrar mão portanto prefiro', ""prefiro avaliálo após chegada   att    amador']""]","[""['nunca tão esperançoso receber produto porém"", 'porém ainda encontrar mão portanto prefiro', ""prefiro avaliálo após chegada   att    amador']""]"
2018-01-01 06:38:37,24334737,"Compressor De Ar 2,0hp 24 Litros Tekna 127V",,Ferramentas e Jardim,Compressores e Pistolas de Ar,a loja cancelou a compra,1,['loja ruim cancelar compra solicitaçao cancelamento comunicar cliente'],1982.0,M,RO,"[""['loja ruim cancelar compra solicitaçao"", ""cancelamento comunicar cliente']""]","[""['loja ruim cancelar compra solicitaçao""]"
2018-01-01 06:38:56,27525626,Mini Boneca Supresa - LOL - Lil Outrageous Littles - Série 2 - Candide,,Brinquedos,Bonecas,Ótimo!!,5,['recomendar produto original tudo ok entregar dentro de o prazo prometer'],1977.0,M,SP,"[""['recomendar produto original tudo ok entregar"", ""entregar dentro de o prazo prometer']""]","[""['recomendar produto original tudo ok entregar"", ""entregar dentro de o prazo prometer']""]"
2018-01-01 06:39:32,121639169,Skate Street Semiprofissional Shaun White - Estampado,shaun white,Esporte e Lazer,Skate,Qualidade e beleza,4,['produto bom shape resistente bonito truck qualidade Macio'],1975.0,M,SP,"[""['produto bom shape resistente bonito truck"", ""truck qualidade Macio']""]","[""['produto bom shape resistente bonito truck""]"
2018-01-01 06:40:44,21825270,Tenda Gazebo 3x3 M - Azul - Bel Fix,,Móveis,,Não recebí o produto,1,['hoje recebí produto recomendar loja pra ninguém presente natalpéssimo atendimento nenhum esforço de o atendete melhorar entregatô de esse loja'],1956.0,F,RJ,"[""['hoje recebí produto recomendar loja pra ninguém"", 'ninguém presente natalpéssimo atendimento nenhum', 'nenhum esforço de o atendete melhorar entregatô', ""entregatô de esse loja']""]","[""['hoje recebí produto recomendar loja pra ninguém"", 'ninguém presente natalpéssimo atendimento nenhum', 'nenhum esforço de o atendete melhorar entregatô']"
2018-01-01 06:41:33,18237960,Torneira Monocomando Baixa De Vidro Waterfall Cascata,,Casa e Construção,Ferragem,Torneira de vidro,4,['bom produto fácil instalação bonito moderno'],1974.0,M,SP,"[""['bom produto fácil instalação bonito moderno']""]","[""['bom produto fácil instalação bonito moderno']""]"
2018-01-01 06:42:09,110757661,Mixer Britânia Mixer e Triturador de Alimentos 2 Preto 200W 2 Velocidades 1 Batedor 1 Mixer com Recipiente e Copo,britania,Eletroportáteis,Mixer e Processador de Alimentos,Maravilhoso,5,['pequeno compacto muitoooooooo eficiente ameiiiiiiii recomer'],1976.0,F,SP,"[""['pequeno compacto muitoooooooo eficiente"", ""eficiente ameiiiiiiii recomer']""]",[]
2018-01-01 06:43:01,132532885,Game Forza Motorsport 7 - Xbox One,,Games,Xbox One,Top!,4,['bom produto original recomendar todo poder comprar prazo entrega dentro de o esperar preço atrativo parabéns americana farei compra futuro'],1984.0,M,MG,"[""['bom produto original recomendar todo poder"", 'poder comprar prazo entrega dentro de o esperar', 'o esperar preço atrativo parabéns americana farei', ""farei compra futuro']""]","[""['bom produto original recomendar todo poder"", 'poder comprar prazo entrega dentro de o esperar', 'o esperar preço atrativo parabéns americana farei']"
2018-01-01 06:43:55,132324701,Batedeira Planetaria Philco Php500 Turbo Pr - Preto,,Eletroportáteis,Batedeira e Acessórios,Otimo produto,5,['super bonito potente   demorar chegar   preço otimo   recomer'],1993.0,M,RS,"[""['super bonito potente   demorar chegar   preço"", ""preço otimo   recomer']""]","[""['super bonito potente   demorar chegar   preço""]"
2018-01-01 06:44:31,5190659,Whisky Ballantine's Finest - 1L,ballantine´s,Alimentos e Bebidas,Bebidas Alcoólicas,Excelente produto,5,['bom principalmente prazo entrega qualidade em o envio de o produto'],1962.0,M,MG,"[""['bom principalmente prazo entrega qualidade em o"", ""em o envio de o produto']""]","[""['bom principalmente prazo entrega qualidade em o"", ""em o envio de o produto']""]"
2018-01-01 06:45:09,25360355,"Tapetes De Sala Peludos 2,00x2,40 Cinza Mesclado Luxo, Felpudo.",,"Cama, Mesa e Banho",Tapetes,Produto show!,4,['tapete suave a o toque por o sedoso cor mesclar dar ar maravilhoso a o ambiente'],1956.0,F,SP,"[""['tapete suave a o toque por o sedoso cor mesclar"", ""mesclar dar ar maravilhoso a o ambiente']""]","[""['tapete suave a o toque por o sedoso cor mesclar"", ""mesclar dar ar maravilhoso a o ambiente']""]"
2018-01-01 06:45:25,5700608,Carro Extreme c/ Rádio Controle 7 Funções 1:22 Azul - Candide,candide,Brinquedos,Brinquedos de Controle Remoto,Bateria dura 5 minutos,1,['procur carrinho bateria ficar livre de o pilha bateria demor carregar durar   minuto presente natal frustação   recomer brinquedo'],1974.0,F,SP,"[""['procur carrinho bateria ficar livre de o pilha"", 'o pilha bateria demor carregar durar   minuto', 'minuto presente natal frustação   recomer', ""recomer brinquedo']""]","[""['procur carrinho bateria ficar livre de o pilha"", 'o pilha bateria demor carregar durar   minuto', 'minuto presente natal frustação   recomer']"
2018-01-01 06:46:15,16302400,Cafeteira Italiana Em Inox  9 Xícaras Kehome,,Eletroportáteis,Cafeteira,terrível,1,['além vazar po em o café jarra escurecer   péssimo qualidade   tomar café po em o de o né'],1961.0,M,SP,"[""['além vazar po em o café jarra escurecer"", 'péssimo qualidade   tomar café po em o de o', ""em o de o né']""]","[""['além vazar po em o café jarra escurecer"", 'péssimo qualidade   tomar café po em o de o', ""em o de o né']""]"
2018-01-01 06:46:52,25196807,Boneco Falcon Turbocóptero - Estrela,,Brinquedos,Bonecos,Recomendo,5,['produto bom atender a o propor xxxxxxxxxx xxxxccccxxxxx ososoosososososiisisizizizi ososoosososiz'],1976.0,M,RJ,"[""['produto bom atender a o propor xxxxxxxxxx"", 'xxxxccccxxxxx ososoosososososiisisizizizi', ""ososoosososiz']""]","[""['produto bom atender a o propor xxxxxxxxxx""]"
2018-01-01 06:47:42,14284347,Fone Ouvido Sem Fio Favix B01 Bluetooth Fm Sd Card Fx-b01 Hi-Wi Mega Bass,,Áudio,Fones de Ouvido,Péssima qualidade,1,['primeiro vez uso guardar fone em o caixa espuminha sair de o fone pra colocar em o lugar levar tempo'],1961.0,M,SP,"[""['primeiro vez uso guardar fone em o caixa"", 'o caixa espuminha sair de o fone pra colocar em o', ""em o lugar levar tempo']""]","[""['primeiro vez uso guardar fone em o caixa"", 'o caixa espuminha sair de o fone pra colocar em o', ""em o lugar levar tempo']""]"
2018-01-01 06:48:31,131657539,"Smartphone Samsung Galaxy J2 Prime TV Dual Chip Android 6.0 Tela 5"" Quad-Core 1.4 GHz 16GB 4G Câmera 8MP - Preto",samsung,Celulares e Smartphones,Smartphone,Muito satisfeito,4,['recomendar tanto produto quanto loja produto conforme anunciar entregar antes de o prazo previstomuito bom'],1977.0,M,RS,"[""['recomendar tanto produto quanto loja produto"", 'produto conforme anunciar entregar antes de o', ""de o prazo previstomuito bom']""]","[""['recomendar tanto produto quanto loja produto"", 'produto conforme anunciar entregar antes de o', ""de o prazo previstomuito bom']""]"
2018-01-01 06:49:07,7022551,Cafeteira Expresso Mondial Espresso Coffee Cream C-08 Preta 15 Bar,mondial,Eletroportáteis,Cafeteira,Não pude testar ainda.,3,['recebir produto ainda devido a o feriado de o passagem ano produto chegar ainda mão'],1966.0,M,SC,"[""['recebir produto ainda devido a o feriado de o"", ""de o passagem ano produto chegar ainda mão']""]","[""['recebir produto ainda devido a o feriado de o"", ""de o passagem ano produto chegar ainda mão']""]"
2018-01-01 06:49:25,123298556,Pen Drive 32GB Sandisk Ultra Dual Drive USB 3.0 - Preto,sandisk,Informática e Acessórios,Pen Drive,A imagem não condiz com o produto,3,['comprar pen drive imagem condizr produto vir outro modelo'],1978.0,F,BA,"[""['comprar pen drive imagem condizr produto vir"", ""vir outro modelo']""]","[""['comprar pen drive imagem condizr produto vir""]"
2018-01-01 06:49:28,125768072,"Smartphone Samsung Galaxy J1 Mini Dual Chip Android 5.1 Tela 4"" 8GB 3G Wi-Fi Câmera 5MP - Preto",samsung,Celulares e Smartphones,Smartphone,nao posso avaliar o que nao recebi,1,['ainda recebir pedido irresponsabilidade de o loja colocar entregar ainda nao recebir nada'],1984.0,M,PE,"[""['ainda recebir pedido irresponsabilidade de o"", 'de o loja colocar entregar ainda nao recebir', ""recebir nada']""]","[""['ainda recebir pedido irresponsabilidade de o"", 'de o loja colocar entregar ainda nao recebir']"
2018-01-01 06:50:51,121714561,Robô Aspirador de Pó Ropo Glass Limpeza Programável com Controle Remoto Preto,ropo,Eletroportáteis,Aspirador e Vassoura Elétrica,Cumpre o prometido,5,['ropo cumprir prometer dever dar atenção a o uso de o bateria prolongar vida útil de o'],1987.0,M,MS,"[""['ropo cumprir prometer dever dar atenção a o uso"", ""a o uso de o bateria prolongar vida útil de o']""]","[""['ropo cumprir prometer dever dar atenção a o uso"", ""a o uso de o bateria prolongar vida útil de o']""]"
2018-01-01 06:51:09,18442566,Modelador de Cachos - Preto,,Beleza e Perfumaria,Cabelo,excelente,5,['excelente produto esquentar dar formato desejar adorar recomer'],1958.0,F,RJ,"[""['excelente produto esquentar dar formato desejar"", ""desejar adorar recomer']""]","[""['excelente produto esquentar dar formato desejar""]"
2018-01-01 06:52:44,16087042,Protetor De Sofá Manu Para 2 E 3 Lugares Dupla Face Tecido Microfibra - Caqui/Marrom,,"Cama, Mesa e Banho",Mantas e Capas pra Sofá,O que achei,3,['básico gostar menos    aparência de o propaganda retratar produto'],1957.0,M,SP,"[""['básico gostar menos    aparência de o propaganda"", ""retratar produto']""]","[""['básico gostar menos    aparência de o propaganda""]"
2018-01-01 06:52:58,110757661,Mixer Britânia Mixer e Triturador de Alimentos 2 Preto 200W 2 Velocidades 1 Batedor 1 Mixer com Recipiente e Copo,britania,Eletroportáteis,Mixer e Processador de Alimentos,Bom produto,3,['bom produto   feliz semana   cheio amor   alegria grande realização'],1964.0,F,MG,"[""['bom produto   feliz semana   cheio amor"", ""amor   alegria grande realização']""]","[""['bom produto   feliz semana   cheio amor""]"
2018-01-01 06:53:13,12317242,Capa De Banco Para Moto Termica Impermeavel Ventilada Motocicleta Cor Preta (Q-80150 ),,Automotivo,Peças para Motos,excelente produto,4,['adorar recomer todo perfeito proteção moto detalhar produto chegar antes de o prazo perfeito proteger continuar impermeável super recomer ha detalhe marido querer comprar pra'],1974.0,F,RJ,"[""['adorar recomer todo perfeito proteção moto"", 'moto detalhar produto chegar antes de o prazo', 'o prazo perfeito proteger continuar impermeável', 'super recomer ha detalhe marido querer comprar', ""comprar pra']""]","[""['adorar recomer todo perfeito proteção moto"", 'moto detalhar produto chegar antes de o prazo', 'o prazo perfeito proteger continuar impermeável', 'super recomer ha detalhe marido querer comprar']"
2018-01-01 06:54:00,7344163,Purificador de Água Polar WP1000B/WP2000B Eletrônico Branco,polar,Eletroportáteis,Bebedouro e Purificador de Água,produto de ótima qualidade.,4,['bom produtogela em o medida certafácil entalação'],1970.0,F,SP,"[""['bom produtogela em o medida certafácil"", ""entalação']""]","[""['bom produtogela em o medida certafácil""]"
2018-01-01 06:54:00,28037270,Mini Filmadora HD 1080P Resistente Esportes Prova D' Água 30m USB,,Câmeras e Filmadoras,Câmera Digital,Acessórios do anúncio não vem com a câmera,1,['câmerar ter wifi anunciar todo acessório constar em o descrição em o foto vir câmera'],1962.0,M,SP,"[""['câmerar ter wifi anunciar todo acessório constar"", ""constar em o descrição em o foto vir câmera']""]","[""['câmerar ter wifi anunciar todo acessório constar"", ""constar em o descrição em o foto vir câmera']""]"
2018-01-01 06:54:48,132220822,"Smartphone Motorola Moto Z2 Play Dual Chip Android 7.1.1 Nougat Tela 5,5"" Octa-Core 2.2 GHz 64GB Câmera 12MP - Ouro",motorola,Celulares e Smartphones,Smartphone,Excelente produto.,5,['celular fantástico rápido capacidade levar tirar foto alto qualidade fácil usar'],1981.0,M,SP,"[""['celular fantástico rápido capacidade levar tirar"", ""tirar foto alto qualidade fácil usar']""]","[""['celular fantástico rápido capacidade levar tirar"", ""tirar foto alto qualidade fácil usar']""]"
2018-01-01 06:57:36,21821920,Kit Com 10 Lâmpadas Super Led 9w Branco Frio Bulbo Bivolt 110/220v E27,,Casa e Construção,Iluminação,De acordo com a descrição,4,['produto entregar dentro de o prazo acordo descrição recomer todo funcionar perfeitamente'],1986.0,M,MG,"[""['produto entregar dentro de o prazo acordo"", 'acordo descrição recomer todo funcionar', ""funcionar perfeitamente']""]","[""['produto entregar dentro de o prazo acordo"", 'acordo descrição recomer todo funcionar']"
2018-01-01 06:57:49,25763748,Dvd - Guardiões Da Galáxia - Vol. 2,,Filmes e Séries,Aventura,Dvd - Guardiões Da Galáxia - Vol. 2,5,['excelente excelente excelente excelente excelente excelente   excelente excelente excelente excelente excelente excelente   excelente excelente excelente excelente excelente excelente   excelente excele nte excelente excelente excelente excelente   excelente excelente excelente excelente excelente excelente'],1964.0,M,PR,"[""['excelente excelente excelente excelente"", 'excelente excelente excelente   excelente', 'excelente excelente excelente excelente excelente', 'excelente excelente   excelente excelente', 'excelente excelente excelente excelente excelente', 'excelente   excelente excele nte excelente', 'excelente excelente excelente excelente', 'excelente excelente excelente excelente', ""excelente excelente excelente']""]","['excelente excelente excelente excelente excelente', 'excelente   excelente excele nte excelente']"
2018-01-01 06:57:56,27681992,Esfregão Mop de Limpeza Giratório com Balde Verde Água + 2 Refis MOP8210 - Flash Limp,,Utilidades Domésticas,Utensílios e Acessórios Domésticos,Cumpre o que promete.,4,['produto bom ter problema entrega em o site marcar prazo cumprir   dia la entrar contato comigo perguntar ainda querer produto recebir produto   dia portanto recomendar produto recomendar la vc querer passar raiva'],1962.0,F,MG,"[""['produto bom ter problema entrega em o site"", 'em o site marcar prazo cumprir   dia la entrar', 'la entrar contato comigo perguntar ainda querer', 'querer produto recebir produto   dia portanto', 'portanto recomendar produto recomendar la vc', ""la vc querer passar raiva']""]","[""['produto bom ter problema entrega em o site"", 'em o site marcar prazo cumprir   dia la entrar', 'la entrar contato comigo perguntar ainda querer', 'querer produto recebir produto   dia portanto', 'portanto recomendar produto recomendar la vc', ""la vc querer passar raiva']""]"
2018-01-01 06:58:20,119757799,Micro-ondas Electrolux MTD30 20 Litros Branco,electrolux,Eletrodomésticos,Micro-ondas,"Apesar de estar usando a pouco tempo, vem atendendo o esperado!",3,['produto sempre entregar antes de o prazo parabéns americanascom por o agilidade'],1975.0,M,RJ,"[""['produto sempre entregar antes de o prazo"", ""o prazo parabéns americanascom por o agilidade']""]","[""['produto sempre entregar antes de o prazo"", ""o prazo parabéns americanascom por o agilidade']""]"
2018-01-01 06:58:22,132360745,"Smart TV LED 43"" Philips 43PUG6102/78 Ultra HD 4k com Conversor Digital 4 HDMI 2 USB Wi-Fi 60hz Preta",,TV e Home Theater,TV,Facil de se usar,4,['autoprogramar facilitar ter dificuldade informatica apenas audio todo tvs samsung baixo ruim segundo tv samsung infelizmente audio deixar desejar'],1976.0,F,ES,"[""['autoprogramar facilitar ter dificuldade"", 'informatica apenas audio todo tvs samsung baixo', 'baixo ruim segundo tv samsung infelizmente audio', ""audio deixar desejar']""]","['informatica apenas audio todo tvs samsung baixo', 'baixo ruim segundo tv samsung infelizmente audio']"
2018-01-01 06:58:39,118084238,Adega de Vinhos Philco 16 Garrafas PH16E,philco,Eletrodomésticos,Adega Climatizada,Aprovado,4,['bom custo beneficio tamanho ideal silencioso manter temperatura'],1982.0,M,SP,"[""['bom custo beneficio tamanho ideal silencioso"", ""manter temperatura']""]","[""['bom custo beneficio tamanho ideal silencioso""]"
2018-01-01 06:58:41,8596380,Travesseiro De Molas Cervical Com Gomos Massageadores - Duoflex,,"Cama, Mesa e Banho",Travesseiros,Travesseiro de Molas Cervical,4,['antes travesseiro comum acordar dor em o pescoço passar pra cabeça agora acordo dor produto bom pra parabém recomer'],1961.0,M,SP,"[""['antes travesseiro comum acordar dor em o pescoço"", 'o pescoço passar pra cabeça agora acordo dor', ""dor produto bom pra parabém recomer']""]","[""['antes travesseiro comum acordar dor em o pescoço"", 'o pescoço passar pra cabeça agora acordo dor', ""dor produto bom pra parabém recomer']""]"
2018-01-01 06:59:06,119465323,Cafeteira Expresso Arno Nescafé Dolce Gusto Mini Me 15 Bar Automática - Preto,arno,Eletroportáteis,Cafeteira,Produto maravilhoso,4,['produto ótima qualidadefácil usar vale pena'],1981.0,F,SP,"[""['produto ótima qualidadefácil usar vale pena']""]","[""['produto ótima qualidadefácil usar vale pena']""]"
2018-01-01 07:00:46,25668212,Oculos Lupa Cabeça 8 Lentes 2 Leds Alto Brilho para Ourives,,Papelaria,Luminárias e Acessórios para Leitura,é legal,4,['bacano gente ter aproximar de o peça atrapalhar executar solda ex'],1951.0,M,PE,"[""['bacano gente ter aproximar de o peça atrapalhar"", ""executar solda ex']""]","[""['bacano gente ter aproximar de o peça atrapalhar""]"
2018-01-01 07:02:13,132246803,Game PES 2017 - XBOX 360,,Games,Xbox One,Formidável,5,['bom cada ano jogabilidade ficar parecido real'],1984.0,M,SP,"[""['bom cada ano jogabilidade ficar parecido real']""]","[""['bom cada ano jogabilidade ficar parecido real']""]"
2018-01-01 07:02:30,22562178,Copo Acrílico Com Canudo 500ml Rocie,,Utilidades Domésticas,"Copos, Taças e Canecas",Avaliações falsas,1,['bom achar anúncio pois saber dar pra fazer falso avaliação sobre produto fazer americana percar confiabilidade a o ver onde copo barato péssimo'],1985.0,M,RJ,"[""['bom achar anúncio pois saber dar pra fazer falso"", 'falso avaliação sobre produto fazer americana', 'americana percar confiabilidade a o ver onde copo', ""onde copo barato péssimo']""]","[""['bom achar anúncio pois saber dar pra fazer falso"", 'falso avaliação sobre produto fazer americana', 'americana percar confiabilidade a o ver onde copo']"
2018-01-01 07:03:22,28038171,Beerus - Dragon Ball Z - Tamashii Buddies - Bandai,,Brinquedos,Bonecos,Gostei muito do Produto,5,['bom produto colecionadormuito bonito bom fabricante excelente'],1981.0,F,SP,"[""['bom produto colecionadormuito bonito bom"", ""bom fabricante excelente']""]","[""['bom produto colecionadormuito bonito bom""]"
2018-01-01 07:03:25,25669947,Tapete Carpete Hyundai Creta 2017 Preto,,Automotivo,,gostei muito do produto,3,['gostar de o produto gostar de o produto gostar de o produto'],1958.0,M,SP,"[""['gostar de o produto gostar de o produto gostar"", ""gostar de o produto']""]","[""['gostar de o produto gostar de o produto gostar""]"
